Date,gold
1258-01-01,0.89
1259-01-01,0.89
1260-01-01,0.89
1261-01-01,0.89
1262-01-01,0.89
1263-01-01,0.89
1264-01-01,0.89
1265-01-01,1.07
1266-01-01,1.07
1267-01-01,1.07
1268-01-01,1.07
1269-01-01,1.07
1270-01-01,1.07
1271-01-01,1.07
1272-01-01,1.07
1273-01-01,1.07
1274-01-01,1.07
1275-01-01,1.07
1276-01-01,1.07
1277-01-01,1.07
1278-01-01,1.07
1279-01-01,1.07
1280-01-01,1.07
1281-01-01,1.07
1282-01-01,1.07
1283-01-01,1.07
1284-01-01,1.07
1285-01-01,1.07
1286-01-01,1.07
1287-01-01,1.07
1288-01-01,1.07
1289-01-01,1.07
1290-01-01,1.07
1291-01-01,1.07
1292-01-01,1.07
1293-01-01,1.07
1294-01-01,1.07
1295-01-01,1.07
1296-01-01,1.07
1297-01-01,1.07
1298-01-01,1.07
1299-01-01,1.07
1300-01-01,1.07
1301-01-01,1.07
1302-01-01,1.07
1303-01-01,1.07
1304-01-01,1.07
1305-01-01,1.07
1306-01-01,1.07
1307-01-01,1.07
1308-01-01,1.07
1309-01-01,1.07
1310-01-01,1.07
1311-01-01,1.07
1312-01-01,1.07
1313-01-01,1.07
1314-01-01,1.07
1315-01-01,1.07
1316-01-01,1.07
1317-01-01,1.07
1318-01-01,1.07
1319-01-01,1.07
1320-01-01,1.07
1321-01-01,1.07
1322-01-01,1.07
1323-01-01,1.07
1324-01-01,1.07
1325-01-01,1.07
1326-01-01,1.07
1327-01-01,1.07
1328-01-01,1.07
1329-01-01,1.07
1330-01-01,1.07
1331-01-01,1.07
1332-01-01,1.07
1333-01-01,1.07
1334-01-01,1.07
1335-01-01,1.07
1336-01-01,1.07
1337-01-01,1.07
1338-01-01,1.07
1339-01-01,1.07
1340-01-01,1.07
1341-01-01,1.07
1342-01-01,1.07
1343-01-01,1.33
1344-01-01,1.17
1345-01-01,1.17
1346-01-01,1.24
1347-01-01,1.24
1348-01-01,1.24
1349-01-01,1.25
1350-01-01,1.25
1351-01-01,1.34
1352-01-01,1.34
1353-01-01,1.34
1354-01-01,1.34
1355-01-01,1.34
1356-01-01,1.34
1357-01-01,1.34
1358-01-01,1.34
1359-01-01,1.34
1360-01-01,1.34
1361-01-01,1.34
1362-01-01,1.34
1363-01-01,1.34
1364-01-01,1.34
1365-01-01,1.34
1366-01-01,1.34
1367-01-01,1.34
1368-01-01,1.34
1369-01-01,1.34
1370-01-01,1.34
1371-01-01,1.34
1372-01-01,1.34
1373-01-01,1.34
1374-01-01,1.34
1375-01-01,1.34
1376-01-01,1.34
1377-01-01,1.34
1378-01-01,1.34
1379-01-01,1.34
1380-01-01,1.34
1381-01-01,1.34
1382-01-01,1.34
1383-01-01,1.34
1384-01-01,1.34
1385-01-01,1.34
1386-01-01,1.34
1387-01-01,1.34
1388-01-01,1.34
1389-01-01,1.34
1390-01-01,1.34
1391-01-01,1.34
1392-01-01,1.34
1393-01-01,1.34
1394-01-01,1.34
1395-01-01,1.34
1396-01-01,1.34
1397-01-01,1.34
1398-01-01,1.34
1399-01-01,1.34
1400-01-01,1.34
1401-01-01,1.34
1402-01-01,1.34
1403-01-01,1.34
1404-01-01,1.34
1405-01-01,1.34
1406-01-01,1.34
1407-01-01,1.34
1408-01-01,1.34
1409-01-01,1.43
1410-01-01,1.43
1411-01-01,1.43
1412-01-01,1.49
1413-01-01,1.49
1414-01-01,1.49
1415-01-01,1.49
1416-01-01,1.49
1417-01-01,1.49
1418-01-01,1.49
1419-01-01,1.49
1420-01-01,1.49
1421-01-01,1.49
1422-01-01,1.49
1423-01-01,1.49
1424-01-01,1.49
1425-01-01,1.49
1426-01-01,1.49
1427-01-01,1.49
1428-01-01,1.49
1429-01-01,1.49
1430-01-01,1.49
1431-01-01,1.49
1432-01-01,1.49
1433-01-01,1.49
1434-01-01,1.49
1435-01-01,1.49
1436-01-01,1.49
1437-01-01,1.49
1438-01-01,1.49
1439-01-01,1.49
1440-01-01,1.49
1441-01-01,1.49
1442-01-01,1.49
1443-01-01,1.49
1444-01-01,1.49
1445-01-01,1.49
1446-01-01,1.49
1447-01-01,1.49
1448-01-01,1.49
1449-01-01,1.49
1450-01-01,1.49
1451-01-01,1.49
1452-01-01,1.49
1453-01-01,1.49
1454-01-01,1.49
1455-01-01,1.49
1456-01-01,1.49
1457-01-01,1.49
1458-01-01,1.49
1459-01-01,1.49
1460-01-01,1.49
1461-01-01,1.49
1462-01-01,1.49
1463-01-01,1.49
1464-01-01,1.86
1465-01-01,2.01
1466-01-01,2.01
1467-01-01,2.01
1468-01-01,2.01
1469-01-01,2.01
1470-01-01,2.01
1471-01-01,2.01
1472-01-01,2.01
1473-01-01,2.01
1474-01-01,2.01
1475-01-01,2.01
1476-01-01,2.01
1477-01-01,2.01
1478-01-01,2.01
1479-01-01,2.01
1480-01-01,2.01
1481-01-01,2.01
1482-01-01,2.01
1483-01-01,2.01
1484-01-01,2.01
1485-01-01,2.01
1486-01-01,2.01
1487-01-01,2.01
1488-01-01,2.01
1489-01-01,2.01
1490-01-01,2.01
1491-01-01,2.01
1492-01-01,2.01
1493-01-01,2.01
1494-01-01,2.01
1495-01-01,2.01
1496-01-01,2.01
1497-01-01,2.01
1498-01-01,2.01
1499-01-01,2.01
1500-01-01,2.01
1501-01-01,2.01
1502-01-01,2.01
1503-01-01,2.01
1504-01-01,2.01
1505-01-01,2.01
1506-01-01,2.01
1507-01-01,2.01
1508-01-01,2.01
1509-01-01,2.01
1510-01-01,2.01
1511-01-01,2.01
1512-01-01,2.01
1513-01-01,2.01
1514-01-01,2.01
1515-01-01,2.01
1516-01-01,2.01
1517-01-01,2.01
1518-01-01,2.01
1519-01-01,2.01
1520-01-01,2.01
1521-01-01,2.01
1522-01-01,2.01
1523-01-01,2.01
1524-01-01,2.01
1525-01-01,2.01
1526-01-01,2.26
1527-01-01,2.26
1528-01-01,2.26
1529-01-01,2.26
1530-01-01,2.26
1531-01-01,2.26
1532-01-01,2.26
1533-01-01,2.28
1534-01-01,2.28
1535-01-01,2.28
1536-01-01,2.28
1537-01-01,2.28
1538-01-01,2.28
1539-01-01,2.28
1540-01-01,2.28
1541-01-01,2.28
1542-01-01,2.28
1543-01-01,2.28
1544-01-01,2.5
1545-01-01,2.73
1546-01-01,3
1547-01-01,3
1548-01-01,3
1549-01-01,3.09
1550-01-01,3.09
1551-01-01,3.02
1552-01-01,3.02
1553-01-01,3.02
1554-01-01,3.02
1555-01-01,3.02
1556-01-01,3.02
1557-01-01,3.02
1558-01-01,3.02
1559-01-01,3.02
1560-01-01,3.02
1561-01-01,3.02
1562-01-01,3.02
1563-01-01,3.02
1564-01-01,3.02
1565-01-01,3.02
1566-01-01,3.02
1567-01-01,3.02
1568-01-01,3.02
1569-01-01,3.02
1570-01-01,3.02
1571-01-01,3.02
1572-01-01,3.02
1573-01-01,3.02
1574-01-01,3.02
1575-01-01,3.02
1576-01-01,3.02
1577-01-01,3.02
1578-01-01,3.03
1579-01-01,3.03
1580-01-01,3.03
1581-01-01,3.03
1582-01-01,3.03
1583-01-01,3.02
1584-01-01,3.02
1585-01-01,3.02
1586-01-01,3.02
1587-01-01,3.02
1588-01-01,3.02
1589-01-01,3.02
1590-01-01,3.02
1591-01-01,3.02
1592-01-01,3.02
1593-01-01,3
1594-01-01,3
1595-01-01,3
1596-01-01,3
1597-01-01,3
1598-01-01,3
1599-01-01,3
1600-01-01,3
1601-01-01,3.05
1602-01-01,3.05
1603-01-01,3.05
1604-01-01,3.38
1605-01-01,3.38
1606-01-01,3.38
1607-01-01,3.38
1608-01-01,3.38
1609-01-01,3.38
1610-01-01,3.38
1611-01-01,3.72
1612-01-01,3.72
1613-01-01,3.72
1614-01-01,3.72
1615-01-01,3.72
1616-01-01,3.72
1617-01-01,3.72
1618-01-01,3.72
1619-01-01,3.73
1620-01-01,3.73
1621-01-01,3.73
1622-01-01,3.73
1623-01-01,3.73
1624-01-01,3.73
1625-01-01,3.73
1626-01-01,3.73
1627-01-01,3.73
1628-01-01,3.73
1629-01-01,3.73
1630-01-01,3.73
1631-01-01,3.73
1632-01-01,3.73
1633-01-01,3.73
1634-01-01,3.73
1635-01-01,3.73
1636-01-01,3.73
1637-01-01,3.73
1638-01-01,3.73
1639-01-01,3.73
1640-01-01,3.73
1641-01-01,3.73
1642-01-01,3.73
1643-01-01,3.73
1644-01-01,3.73
1645-01-01,3.73
1646-01-01,3.73
1647-01-01,3.73
1648-01-01,3.73
1649-01-01,3.73
1650-01-01,3.73
1651-01-01,3.73
1652-01-01,3.73
1653-01-01,3.73
1654-01-01,3.73
1655-01-01,3.73
1656-01-01,3.73
1657-01-01,3.73
1658-01-01,3.73
1659-01-01,3.73
1660-01-01,3.73
1661-01-01,3.98
1662-01-01,3.98
1663-01-01,4.05
1664-01-01,4.05
1665-01-01,4.05
1666-01-01,4.05
1667-01-01,4.05
1668-01-01,4.05
1669-01-01,4.05
1670-01-01,4.05
1671-01-01,4.05
1672-01-01,4.05
1673-01-01,4.05
1674-01-01,4.05
1675-01-01,4.05
1676-01-01,4.05
1677-01-01,4.05
1678-01-01,4.05
1679-01-01,4.05
1680-01-01,4.05
1681-01-01,4.05
1682-01-01,4.05
1683-01-01,4.05
1684-01-01,4.05
1685-01-01,4.05
1686-01-01,4.05
1687-01-01,4.05
1688-01-01,4.05
1689-01-01,4.05
1690-01-01,4.05
1691-01-01,4.05
1692-01-01,4.05
1693-01-01,4.05
1694-01-01,4.05
1695-01-01,4.05
1696-01-01,4.45
1697-01-01,4.45
1698-01-01,4.45
1699-01-01,4.35
1700-01-01,4.35
1701-01-01,4.35
1702-01-01,4.35
1703-01-01,4.35
1704-01-01,4.35
1705-01-01,4.35
1706-01-01,4.35
1707-01-01,4.35
1708-01-01,4.35
1709-01-01,4.35
1710-01-01,4.35
1711-01-01,4.35
1712-01-01,4.35
1713-01-01,4.35
1714-01-01,4.35
1715-01-01,4.35
1716-01-01,4.35
1717-01-01,4.25
1718-01-01,4.31
1719-01-01,4.26
1720-01-01,4.31
1721-01-01,4.26
1722-01-01,4.25
1723-01-01,4.26
1724-01-01,4.25
1725-01-01,4.25
1726-01-01,4.25
1727-01-01,4.25
1728-01-01,4.28
1729-01-01,4.3
1730-01-01,4.29
1731-01-01,4.26
1732-01-01,4.26
1733-01-01,4.27
1734-01-01,4.26
1735-01-01,4.28
1736-01-01,4.26
1737-01-01,4.26
1738-01-01,4.26
1739-01-01,4.25
1740-01-01,4.25
1741-01-01,4.27
1742-01-01,4.28
1743-01-01,4.3
1744-01-01,4.31
1745-01-01,4.29
1746-01-01,4.25
1747-01-01,4.28
1748-01-01,4.26
1749-01-01,4.25
1750-01-01,4.26
1751-01-01,4.25
1752-01-01,4.26
1753-01-01,4.27
1754-01-01,4.25
1755-01-01,4.25
1756-01-01,4.25
1757-01-01,4.25
1758-01-01,4.3
1759-01-01,4.33
1760-01-01,4.3
1761-01-01,4.35
1762-01-01,4.32
1763-01-01,4.37
1764-01-01,4.26
1765-01-01,4.26
1766-01-01,4.31
1767-01-01,4.34
1768-01-01,4.32
1769-01-01,4.38
1770-01-01,4.37
1771-01-01,4.35
1772-01-01,4.35
1773-01-01,4.25
1774-01-01,4.24
1775-01-01,4.23
1776-01-01,4.23
1777-01-01,4.23
1778-01-01,4.23
1779-01-01,4.23
1780-01-01,4.23
1781-01-01,4.23
1782-01-01,4.23
1783-01-01,4.25
1784-01-01,4.25
1785-01-01,4.24
1786-01-01,4.23
1787-01-01,4.23
1788-01-01,4.23
1789-01-01,4.23
1790-01-01,4.23
1791-01-01,4.23
1792-01-01,18.9081
1793-01-01,19.0773
1794-01-01,20.0925
1795-01-01,19.1619
1796-01-01,18.1467
1797-01-01,18.7812
1798-01-01,18.6575
1799-01-01,17.5112
1800-01-01,19.383
1801-01-01,18.7902
1802-01-01,19.3519
1803-01-01,19.7036
1804-01-01,19.838
1805-01-01,18.966
1806-01-01,19.5806
1807-01-01,19.7574
1808-01-01,20.9276
1809-01-01,20.9306
1810-01-01,19.909
1811-01-01,19.8258
1812-01-01,19.8376
1813-01-01,21.6
1814-01-01,22.0904
1815-01-01,24.451
1816-01-01,22.7592
1817-01-01,19.918
1818-01-01,19.98
1819-01-01,19.6636
1820-01-01,19.21
1821-01-01,20.485
1822-01-01,21.1152
1823-01-01,20.304
1824-01-01,20.6001
1825-01-01,20.4792
1826-01-01,20.8116
1827-01-01,20.8962
1828-01-01,20.8539
1829-01-01,20.6064
1830-01-01,20.1824
1831-01-01,20.655
1832-01-01,20.6064
1833-01-01,20.3096
1834-01-01,19.6736
1835-01-01,20.564
1836-01-01,20.4368
1837-01-01,21.624
1838-01-01,20.7336
1839-01-01,21.165
1840-01-01,21.2
1841-01-01,21.1576
1842-01-01,20.352
1843-01-01,20.3096
1844-01-01,20.6064
1845-01-01,20.6488
1846-01-01,20.4368
1847-01-01,20.3096
1848-01-01,20.6488
1849-01-01,20.3944
1850-01-01,20.6488
1851-01-01,20.8184
1852-01-01,20.776
1853-01-01,20.7336
1854-01-01,20.6912
1855-01-01,20.7336
1856-01-01,20.8184
1857-01-01,20.7336
1858-01-01,20.6064
1859-01-01,20.776
1860-01-01,20.564
1861-01-01,20.2248
1862-01-01,23.5744
1863-01-01,29.9768
1864-01-01,42.2728
1865-01-01,32.6056
1866-01-01,29.1712
1867-01-01,28.62
1868-01-01,28.9592
1869-01-01,27.4752
1870-01-01,23.7016
1871-01-01,23.1504
1872-01-01,23.0656
1873-01-01,23.532
1874-01-01,22.9808
1875-01-01,23.7016
1876-01-01,22.9808
1877-01-01,21.5392
1878-01-01,20.7336
1879-01-01,20.564
1880-01-01,20.564
1881-01-01,20.4792
1882-01-01,20.6488
1883-01-01,20.564
1884-01-01,20.564
1885-01-01,20.6064
1886-01-01,20.6064
1887-01-01,20.564
1888-01-01,20.6488
1889-01-01,20.6488
1890-01-01,20.6064
1891-01-01,20.655
1892-01-01,20.6975
1893-01-01,20.655
1894-01-01,20.6912
1895-01-01,20.7336
1896-01-01,20.6975
1897-01-01,20.655
1898-01-01,20.6125
1899-01-01,20.6064
1900-01-01,20.655
1901-01-01,20.6975
1902-01-01,20.6488
1903-01-01,20.655
1904-01-01,20.6975
1905-01-01,20.6064
1906-01-01,20.6125
1907-01-01,20.655
1908-01-01,20.6975
1909-01-01,20.6488
1910-01-01,20.6064
1911-01-01,20.6064
1912-01-01,20.6488
1913-01-01,20.6488
1914-01-01,20.9032
1915-01-01,20.1824
1916-01-01,20.2248
1917-01-01,20.1824
1918-01-01,20.1824
1919-01-01,19.935
1920-01-01,20.679
1921-01-01,20.5975
1922-01-01,20.6881
1923-01-01,20.6558
1924-01-01,20.7298
1925-01-01,20.6241
1926-01-01,20.655
1927-01-01,20.655
1928-01-01,20.6975
1929-01-01,20.655
1930-01-01,20.655
1931-01-01,21.0202
1932-01-01,20.709
1933-01-01,26.4576
1934-01-01,34.6752
1935-01-01,34.839
1936-01-01,34.8397
1937-01-01,34.7776
1938-01-01,34.8657
1939-01-01,34.2768
1940-01-01,32.172
1941-01-01,33.852
1942-01-01,33.936
1943-01-01,33.936
1944-01-01,33.936
1945-01-01,33.852
1946-01-01,33.852
1947-01-01,33.852
1948-01-01,33.852
1949-01-01,30.996
1950-01-01,34.71
1951-01-01,34.71
1952-01-01,34.71
1953-01-01,34.71
1954-01-01,34.96
1955-01-01,35.01
1956-01-01,35
1957-01-01,34.95
1958-01-01,35.1
1959-01-01,35.09
1960-01-01,35.27
1960-02-01,35.27
1960-03-01,35.27
1960-04-01,35.27
1960-05-01,35.27
1960-06-01,35.27
1960-07-01,35.27
1960-08-01,35.27
1960-09-01,35.27
1960-10-01,35.27
1960-11-01,35.27
1960-12-01,35.27
1961-01-01,35.25
1961-02-01,35.25
1961-03-01,35.25
1961-04-01,35.25
1961-05-01,35.25
1961-06-01,35.25
1961-07-01,35.25
1961-08-01,35.25
1961-09-01,35.25
1961-10-01,35.25
1961-11-01,35.25
1961-12-01,35.25
1962-01-01,35.23
1962-02-01,35.23
1962-03-01,35.23
1962-04-01,35.23
1962-05-01,35.23
1962-06-01,35.23
1962-07-01,35.23
1962-08-01,35.23
1962-09-01,35.23
1962-10-01,35.23
1962-11-01,35.23
1962-12-01,35.23
1963-01-01,35.09
1963-02-01,35.09
1963-03-01,35.09
1963-04-01,35.09
1963-05-01,35.09
1963-06-01,35.09
1963-07-01,35.09
1963-08-01,35.09
1963-09-01,35.09
1963-10-01,35.09
1963-11-01,35.09
1963-12-01,35.09
1964-01-01,35.1
1964-02-01,35.1
1964-03-01,35.1
1964-04-01,35.1
1964-05-01,35.1
1964-06-01,35.1
1964-07-01,35.1
1964-08-01,35.1
1964-09-01,35.1
1964-10-01,35.1
1964-11-01,35.1
1964-12-01,35.1
1965-01-01,35.12
1965-02-01,35.12
1965-03-01,35.12
1965-04-01,35.12
1965-05-01,35.12
1965-06-01,35.12
1965-07-01,35.12
1965-08-01,35.12
1965-09-01,35.12
1965-10-01,35.12
1965-11-01,35.12
1965-12-01,35.12
1966-01-01,35.13
1966-02-01,35.13
1966-03-01,35.13
1966-04-01,35.13
1966-05-01,35.13
1966-06-01,35.13
1966-07-01,35.13
1966-08-01,35.13
1966-09-01,35.13
1966-10-01,35.13
1966-11-01,35.13
1966-12-01,35.13
1967-01-01,34.95
1967-02-01,34.95
1967-03-01,34.95
1967-04-01,34.95
1967-05-01,34.95
1967-06-01,34.95
1967-07-01,34.95
1967-08-01,34.95
1967-09-01,34.95
1967-10-01,34.95
1967-11-01,34.95
1967-12-01,34.95
1968-01-01,35.5
1968-02-01,36
1968-03-01,37
1968-04-01,37.86
1968-05-01,40.7
1968-06-01,41.14
1968-07-01,39.46
1968-08-01,39.19
1968-09-01,40.18
1968-10-01,39.21
1968-11-01,39.78
1968-12-01,41.08
1969-01-01,42.3
1969-02-01,42.6
1969-03-01,43.16
1969-04-01,43.31
1969-05-01,43.46
1969-06-01,41.44
1969-07-01,41.76
1969-08-01,41.09
1969-09-01,40.87
1969-10-01,40.44
1969-11-01,37.4
1969-12-01,35.17
1970-01-01,34.94
1970-02-01,34.99
1970-03-01,35.09
1970-04-01,35.62
1970-05-01,35.95
1970-06-01,35.42
1970-07-01,35.32
1970-08-01,35.38
1970-09-01,36.19
1970-10-01,37.52
1970-11-01,37.44
1970-12-01,37.44
1971-01-01,37.88
1971-02-01,38.74
1971-03-01,38.87
1971-04-01,39.01
1971-05-01,40.52
1971-06-01,40.1
1971-07-01,40.95
1971-08-01,42.71
1971-09-01,42.03
1971-10-01,42.5
1971-11-01,42.86
1971-12-01,43.48
1972-01-01,45.75
1972-02-01,48.26
1972-03-01,48.33
1972-04-01,49.03
1972-05-01,54.62
1972-06-01,62.09
1972-07-01,65.66
1972-08-01,67.03
1972-09-01,65.46
1972-10-01,64.86
1972-11-01,62.91
1972-12-01,63.91
1973-01-01,65.14
1973-02-01,74.2
1973-03-01,84.37
1973-04-01,90.5
1973-05-01,101.96
1973-06-01,120.12
1973-07-01,120.17
1973-08-01,106.76
1973-09-01,102.97
1973-10-01,100.08
1973-11-01,94.92
1973-12-01,106.72
1974-01-01,129.19
1974-02-01,150.13
1974-03-01,168.42
1974-04-01,172.24
1974-05-01,163.27
1974-06-01,154.1
1974-07-01,142.98
1974-08-01,154.64
1974-09-01,151.75
1974-10-01,158.78
1974-11-01,181.66
1974-12-01,183.78
1975-01-01,176.27
1975-02-01,179.6
1975-03-01,178.16
1975-04-01,169.84
1975-05-01,167.39
1975-06-01,164.24
1975-07-01,165.17
1975-08-01,163
1975-09-01,144.17
1975-10-01,142.79
1975-11-01,142.42
1975-12-01,139.3
1976-01-01,131.05
1976-02-01,131.06
1976-03-01,132.76
1976-04-01,127.94
1976-05-01,126.92
1976-06-01,125.71
1976-07-01,117.73
1976-08-01,109.93
1976-09-01,114.15
1976-10-01,116.15
1976-11-01,130.46
1976-12-01,133.93
1977-01-01,132.26
1977-02-01,136.24
1977-03-01,148.23
1977-04-01,149.17
1977-05-01,146.61
1977-06-01,140.78
1977-07-01,143.39
1977-08-01,144.94
1977-09-01,149.53
1977-10-01,158.95
1977-11-01,162.1
1977-12-01,160.45
1978-01-01,173.18
1978-02-01,178.14
1978-03-01,183.61
1978-04-01,175.28
1978-05-01,176.31
1978-06-01,183.75
1978-07-01,188.73
1978-08-01,206.3
1978-09-01,212.08
1978-10-01,227.44
1978-11-01,206.2
1978-12-01,207.85
1979-01-01,227.28
1979-02-01,245.67
1979-03-01,242.05
1979-04-01,239.11
1979-05-01,257.59
1979-06-01,279.07
1979-07-01,294.74
1979-08-01,300.82
1979-09-01,354.95
1979-10-01,391.66
1979-11-01,391.99
1979-12-01,455.08
1980-01-01,675.31
1980-02-01,665.32
1980-03-01,553.58
1980-04-01,517.41
1980-05-01,513.8
1980-06-01,600.72
1980-07-01,643.27
1980-08-01,627.15
1980-09-01,673.63
1980-10-01,661.15
1980-11-01,624.77
1980-12-01,538.26
1981-01-01,557.39
1981-02-01,499.76
1981-03-01,499.11
1981-04-01,495.8
1981-05-01,479.7
1981-06-01,461.09
1981-07-01,409.07
1981-08-01,410.16
1981-09-01,443.75
1981-10-01,437.76
1981-11-01,413.37
1981-12-01,410.09
1982-01-01,384.14
1982-02-01,374.13
1982-03-01,330.25
1982-04-01,350.3
1982-05-01,333.71
1982-06-01,314.98
1982-07-01,338.97
1982-08-01,364.23
1982-09-01,437.31
1982-10-01,422.15
1982-11-01,414.89
1982-12-01,444.5
1983-01-01,481.29
1983-02-01,491.09
1983-03-01,419.7
1983-04-01,432.88
1983-05-01,438.01
1983-06-01,412.84
1983-07-01,402.91
1983-08-01,416.2
1983-09-01,411.8
1983-10-01,393.6
1983-11-01,381.7
1983-12-01,388.34
1984-01-01,370.89
1984-02-01,385.96
1984-03-01,394.26
1984-04-01,381.37
1984-05-01,377.4
1984-06-01,377.7
1984-07-01,347.71
1984-08-01,347.7
1984-09-01,340.2
1984-10-01,341
1984-11-01,342
1984-12-01,319.54
1985-01-01,302.79
1985-02-01,299.1
1985-03-01,313.5
1985-04-01,326.8
1985-05-01,316
1985-06-01,316.5
1985-07-01,317.2
1985-08-01,330.4
1985-09-01,323.35
1985-10-01,325.85
1985-11-01,321.5
1985-12-01,321.9
1986-01-01,347.48
1986-02-01,338.89
1986-03-01,345.7
1986-04-01,340.44
1986-05-01,342.4
1986-06-01,342.7
1986-07-01,348.34
1986-08-01,376.66
1986-09-01,417.73
1986-10-01,423.51
1986-11-01,397.56
1986-12-01,390.92
1987-01-01,408.26
1987-02-01,401.12
1987-03-01,408.91
1987-04-01,438.35
1987-05-01,460.23
1987-06-01,449.59
1987-07-01,450.52
1987-08-01,461.15
1987-09-01,460.38
1987-10-01,465.35
1987-11-01,467.57
1987-12-01,486.24
1988-01-01,476.58
1988-02-01,442.07
1988-03-01,443.61
1988-04-01,451.55
1988-05-01,451.07
1988-06-01,451.33
1988-07-01,437.63
1988-08-01,431.28
1988-09-01,413.46
1988-10-01,406.78
1988-11-01,420.17
1988-12-01,419.05
1989-01-01,404.01
1989-02-01,387.51
1989-03-01,390.15
1989-04-01,384.4
1989-05-01,371.05
1989-06-01,367.6
1989-07-01,375.04
1989-08-01,365.14
1989-09-01,361.75
1989-10-01,366.88
1989-11-01,394.26
1989-12-01,409.39
1990-01-01,410.11
1990-02-01,416.81
1990-03-01,393.06
1990-04-01,374.24
1990-05-01,369.05
1990-06-01,352.33
1990-07-01,362.53
1990-08-01,394.73
1990-09-01,389.32
1990-10-01,380.74
1990-11-01,381.73
1990-12-01,376.95
1991-01-01,383.64
1991-02-01,363.83
1991-03-01,363.34
1991-04-01,358.38
1991-05-01,356.95
1991-06-01,366.72
1991-07-01,367.69
1991-08-01,356.31
1991-09-01,348.74
1991-10-01,358.69
1991-11-01,360.17
1991-12-01,361.73
1992-01-01,354.45
1992-02-01,353.91
1992-03-01,344.34
1992-04-01,338.62
1992-05-01,337.24
1992-06-01,340.81
1992-07-01,352.72
1992-08-01,343.06
1992-09-01,345.43
1992-10-01,344.38
1992-11-01,335.02
1992-12-01,334.82
1993-01-01,329.01
1993-02-01,329.31
1993-03-01,330.08
1993-04-01,342.15
1993-05-01,367.18
1993-06-01,371.89
1993-07-01,392.19
1993-08-01,378.84
1993-09-01,355.28
1993-10-01,364.18
1993-11-01,373.83
1993-12-01,383.3
1994-01-01,386.88
1994-02-01,381.91
1994-03-01,384.13
1994-04-01,377.27
1994-05-01,381.43
1994-06-01,385.64
1994-07-01,385.49
1994-08-01,380.36
1994-09-01,391.58
1994-10-01,389.77
1994-11-01,384.39
1994-12-01,379.29
1995-01-01,378.55
1995-02-01,376.64
1995-03-01,382.12
1995-04-01,391.03
1995-05-01,385.22
1995-06-01,387.56
1995-07-01,386.23
1995-08-01,383.67
1995-09-01,383.06
1995-10-01,383.14
1995-11-01,385.31
1995-12-01,387.44
1996-01-01,399.45
1996-02-01,404.76
1996-03-01,396.21
1996-04-01,392.85
1996-05-01,391.93
1996-06-01,385.27
1996-07-01,383.47
1996-08-01,387.35
1996-09-01,383.14
1996-10-01,381.07
1996-11-01,377.85
1996-12-01,369
1997-01-01,355.11
1997-02-01,346.58
1997-03-01,351.81
1997-04-01,344.47
1997-05-01,343.84
1997-06-01,340.76
1997-07-01,324.1
1997-08-01,324.01
1997-09-01,322.82
1997-10-01,324.87
1997-11-01,306.04
1997-12-01,288.74
1998-01-01,289.1
1998-02-01,297.49
1998-03-01,295.94
1998-04-01,308.29
1998-05-01,299.1
1998-06-01,292.32
1998-07-01,292.87
1998-08-01,284.11
1998-09-01,288.98
1998-10-01,295.93
1998-11-01,294.12
1998-12-01,291.68
1999-01-01,287.08
1999-02-01,287.33
1999-03-01,285.96
1999-04-01,282.62
1999-05-01,276.44
1999-06-01,261.31
1999-07-01,256.08
1999-08-01,256.69
1999-09-01,264.74
1999-10-01,310.72
1999-11-01,293.18
1999-12-01,283.07
2000-01-01,284.32
2000-02-01,299.86
2000-03-01,286.39
2000-04-01,279.69
2000-05-01,275.19
2000-06-01,285.73
2000-07-01,281.59
2000-08-01,274.47
2000-09-01,273.68
2000-10-01,270
2000-11-01,266.01
2000-12-01,271.45
2001-01-01,265.49
2001-02-01,261.87
2001-03-01,263.03
2001-04-01,260.48
2001-05-01,272.36
2001-06-01,270.23
2001-07-01,267.53
2001-08-01,272.39
2001-09-01,283.42
2001-10-01,283.06
2001-11-01,276.16
2001-12-01,275.85
2002-01-01,281.51
2002-02-01,295.5
2002-03-01,294.06
2002-04-01,302.68
2002-05-01,314.49
2002-06-01,321.18
2002-07-01,313.29
2002-08-01,310.26
2002-09-01,319.14
2002-10-01,316.56
2002-11-01,319.07
2002-12-01,331.92
2003-01-01,356.859
2003-02-01,358.97
2003-03-01,340.55
2003-04-01,328.18
2003-05-01,355.683
2003-06-01,356.352
2003-07-01,351.02
2003-08-01,359.768
2003-09-01,378.945
2003-10-01,378.92
2003-11-01,389.91
2003-12-01,406.953
2004-01-01,413.788
2004-02-01,404.878
2004-03-01,406.667
2004-04-01,403.26
2004-05-01,383.779
2004-06-01,392.373
2004-07-01,398.091
2004-08-01,400.51
2004-09-01,405.275
2004-10-01,420.464
2004-11-01,439.375
2004-12-01,442.079
2005-01-01,424.03
2005-02-01,423.35
2005-03-01,433.85
2005-04-01,429.233
2005-05-01,421.873
2005-06-01,430.657
2005-07-01,424.479
2005-08-01,437.93
2005-09-01,456.048
2005-10-01,469.898
2005-11-01,476.666
2005-12-01,510.097
2006-01-01,549.864
2006-02-01,554.995
2006-03-01,557.093
2006-04-01,610.653
2006-05-01,675.393
2006-06-01,596.145
2006-07-01,633.71
2006-08-01,632.593
2006-09-01,598.186
2006-10-01,585.78
2006-11-01,627.827
2006-12-01,629.791
2007-01-01,631.166
2007-02-01,664.745
2007-03-01,654.895
2007-04-01,679.368
2007-05-01,667.31
2007-06-01,655.66
2007-07-01,665.38
2007-08-01,665.411
2007-09-01,712.653
2007-10-01,754.604
2007-11-01,806.248
2007-12-01,803.203
2008-01-01,889.595
2008-02-01,922.298
2008-03-01,968.434
2008-04-01,909.705
2008-05-01,888.663
2008-06-01,889.488
2008-07-01,939.772
2008-08-01,839.025
2008-09-01,829.932
2008-10-01,806.62
2008-11-01,760.863
2008-12-01,816.092
2009-01-01,858.69
2009-02-01,943
2009-03-01,924.273
2009-04-01,890.2
2009-05-01,928.645
2009-06-01,945.67
2009-07-01,934.228
2009-08-01,949.375
2009-09-01,996.591
2009-10-01,1043.159
2009-11-01,1127.036
2009-12-01,1134.724
2010-01-01,1117.963
2010-02-01,1095.413
2010-03-01,1113.337
2010-04-01,1148.688
2010-05-01,1205.434
2010-06-01,1232.92
2010-07-01,1192.966
2010-08-01,1215.81
2010-09-01,1270.977
2010-10-01,1342.024
2010-11-01,1369.886
2010-12-01,1390.553
2011-01-01,1360.46
2011-02-01,1374.68
2011-03-01,1423.26
2011-04-01,1480.89
2011-05-01,1512.58
2011-06-01,1529.36
2011-07-01,1572.75
2011-08-01,1759.01
2011-09-01,1772.14
2011-10-01,1666.43
2011-11-01,1739
2011-12-01,1639.97
2012-01-01,1654.05
2012-02-01,1744.82
2012-03-01,1675.95
2012-04-01,1649.2
2012-05-01,1589.04
2012-06-01,1598.76
2012-07-01,1594.29
2012-08-01,1630.31
2012-09-01,1744.81
2012-10-01,1746.58
2012-11-01,1721.64
2012-12-01,1684.762
2013-01-01,1671.84782608696
2013-02-01,1627.57
2013-03-01,1593.08619047619
2013-04-01,1487.85727272727
2013-05-01,1414.02695652174
2013-06-01,1343.35
2013-07-01,1285.51565217391
2013-08-01,1351.74181818182
2013-09-01,1348.6
2013-10-01,1316.58
2013-11-01,1275.86
2013-12-01,1221.5119047619
2014-01-01,1244.27
2014-02-01,1299.58
2014-03-01,1336.08
2014-04-01,1298.45
2014-05-01,1288.74
2014-06-01,1279.1
2014-07-01,1310.59
2014-08-01,1295.13
2014-09-01,1236.55
2014-10-01,1222.49
2014-11-01,1175.33
2014-12-01,1200.62
2015-01-01,1250.75
2015-02-01,1227.08
2015-03-01,1178.63
2015-04-01,1198.93
2015-05-01,1198.63
2015-06-01,1181.5
2015-07-01,1128.31
2015-08-01,1117.93
2015-09-01,1124.77
2015-10-01,1159.25
2015-11-01,1086.44
2015-12-01,1075.74
2016-01-01,1097.91
2016-02-01,1199.5
2016-03-01,1245.14
2016-04-01,1242.26
2016-05-01,1260.95
2016-06-01,1276.4
2016-07-01,1336.66
2016-08-01,1340.17
2016-09-01,1326.61
2016-10-01,1266.55
2016-11-01,1238.35
2016-12-01,1157.36
2017-01-01,1192.1
2017-02-01,1234.2
2017-03-01,1231.42
2017-04-01,1266.88
2017-05-01,1246.04
2017-06-01,1260.26
2017-07-01,1236.84
2017-08-01,1283.04
2017-09-01,1314.07
2017-10-01,1279.51
2017-11-01,1281.9
2017-12-01,1264.45
2018-01-01,1331.3
2018-02-01,1330.73
2018-03-01,1324.66
2018-04-01,1334.76
2018-05-01,1303.45
2018-06-01,1281.57
2018-07-01,1237.71
2018-08-01,1201.71
2018-09-01,1198.39
2018-10-01,1215.39
2018-11-01,1220.65
2018-12-01,1250.4
2019-01-01,1291.75
2019-02-01,1320.07
2019-03-01,1300.9
2019-04-01,1285.91
2019-05-01,1283.7
2019-06-01,1359.04
2019-07-01,1412.89
2019-08-01,1500.41
2019-09-01,1510.58
2019-10-01,1494.81
2019-11-01,1470.79
2019-12-01,1479.13
2020-01-01,1560.67
2020-02-01,1597.1
2020-03-01,1591.93
2020-04-01,1683.17
2020-05-01,1715.91
2020-06-01,1732.22
2020-07-01,1846.51
2020-08-01,1968.63
2020-09-01,1921.92
2020-10-01,1900.27
2020-11-01,1866.3
2020-12-01,1858.42
2021-01-01,1866.98
2021-02-01,1808.17
2021-03-01,1718.23
2021-04-01,1760.04
2021-05-01,1850.26
2021-06-01,1834.57
2021-07-01,1807.84
2021-08-01,1785.28
2021-09-01,1775.14
2021-10-01,1776.85
2021-11-01,1821.76
2021-12-01,1790.43
2022-01-01,1816.02
2022-02-01,1856.3
2022-03-01,1947.83
2022-04-01,1936.86
2022-05-01,1848.5
2022-06-01,1836.57
2022-07-01,1732.74
2022-08-01,1764.56
2022-09-01,1680.78
2022-10-01,1664.45
2022-11-01,1725.07
2022-12-01,1797.55
2023-01-01,1897.71
2023-02-01,1854.54
2023-03-01,1912.73
2023-04-01,1999.77
2023-05-01,1992.13
2023-06-01,1942.9
2023-07-01,1951.02
2023-08-01,1918.7
2023-09-01,1915.95
2023-10-01,1916.25
2023-11-01,1984.11
2023-12-01,2026.18
2024-01-01,2034.04
2024-02-01,2023.24
2024-03-01,2158.01
2024-04-01,2331.45
2024-05-01,2351.13
2024-06-01,2326.44
2024-07-01,2398.2
2024-08-01,2470.15
2024-09-01,2570.55
2024-10-01,2690.08
2024-11-01,2651.13
2024-12-01,2648.01
2025-01-02,2658.89990234375
2025-01-03,2645
2025-01-06,2638.39990234375
2025-01-07,2656.69995117188
2025-01-08,2664.5
2025-01-09,2683.80004882813
2025-01-10,2708.5
2025-01-13,2673.5
2025-01-14,2677.5
2025-01-15,2712.5
2025-01-16,2746.39990234375
2025-01-17,2744.30004882813
2025-01-21,2755
2025-01-22,2767.60009765625
2025-01-23,2763.10009765625
2025-01-24,2777.30004882813
2025-01-27,2737.5
2025-01-28,2766.80004882813
2025-01-29,2769.10009765625
2025-01-30,2823
2025-01-31,2812.5
2025-02-03,2833.89990234375
2025-02-04,2853.30004882813
2025-02-05,2871.60009765625
2025-02-06,2856
2025-02-07,2867.30004882813
2025-02-10,2914.30004882813
2025-02-11,2912.5
2025-02-12,2909
2025-02-13,2925.89990234375
2025-02-14,2883.60009765625
2025-02-18,2931.60009765625
2025-02-19,2919.39990234375
2025-02-20,2940
2025-02-21,2937.60009765625
2025-02-24,2947.89990234375
2025-02-25,2904.5
2025-02-26,2916.80004882813
2025-02-27,2883.19995117188
2025-02-28,2836.80004882813
2025-03-03,2890.19995117188
2025-03-04,2909.60009765625
2025-03-05,2915.30004882813
2025-03-06,2916.60009765625
2025-03-07,2904.69995117188
2025-03-10,2891
2025-03-11,2912.89990234375
2025-03-12,2939.10009765625
2025-03-13,2984.30004882813
2025-03-14,2994.5
2025-03-17,3000
2025-03-18,3035.10009765625
2025-03-19,3035.89990234375
2025-03-20,3040
2025-03-21,3018.19995117188
2025-03-24,3013.10009765625
2025-03-25,3023.69995117188
2025-03-26,3020.89990234375
2025-03-27,3060.19995117188
2025-03-28,3086.5
2025-03-31,3122.80004882813
2025-04-01,3118.89990234375
2025-04-02,3139.89990234375
2025-04-03,3097
2025-04-04,3012
2025-04-07,2951.30004882813
2025-04-08,2968.39990234375
2025-04-09,3056.5
2025-04-10,3155.19995117188
2025-04-11,3222.19995117188
2025-04-14,3204.80004882813
2025-04-15,3218.69995117188
2025-04-16,3326.60009765625
2025-04-17,3308.69995117188
2025-04-21,3406.19995117188
2025-04-22,3400.80004882813
2025-04-23,3276.30004882813
2025-04-24,3332
2025-04-25,3282.39990234375
2025-04-28,3332.5
2025-04-29,3318.80004882813
2025-04-30,3305
2025-05-01,3210
2025-05-02,3231.89990234375
2025-05-05,3311.30004882813
2025-05-06,3411.39990234375
2025-05-07,3381.39990234375
2025-05-08,3296.60009765625
2025-05-09,3335.39990234375
2025-05-12,3220
2025-05-13,3240.30004882813
2025-05-14,3181.39990234375
2025-05-15,3220.69995117188
2025-05-16,3182
2025-05-19,3228.89990234375
2025-05-20,3280.30004882813
2025-05-21,3309.30004882813
2025-05-22,3292.30004882813
2025-05-23,3363.60009765625
2025-05-27,3299.10009765625
2025-05-28,3293.60009765625
2025-05-29,3317.10009765625
2025-05-30,3288.89990234375
2025-06-02,3370.60009765625
2025-06-03,3350.19995117188
2025-06-04,3373.5
2025-06-05,3350.69995117188
2025-06-06,3322.69995117188
2025-06-09,3332.10009765625
2025-06-10,3320.89990234375
2025-06-11,3321.30004882813
2025-06-12,3380.89990234375
2025-06-13,3431.19995117188
2025-06-16,3396.39990234375
2025-06-17,3386.60009765625
2025-06-18,3389.80004882813
2025-06-20,3368.10009765625
2025-06-23,3377.69995117188
2025-06-24,3317.39990234375
2025-06-25,3327.10009765625
2025-06-26,3333.5
2025-06-27,3273.69995117188
2025-06-30,3294.39990234375
2025-07-01,3336.69995117188
2025-07-02,3348
2025-07-03,3331.60009765625
2025-07-04,3332.5
2025-07-07,3332.19995117188
2025-07-08,3307
2025-07-09,3311.60009765625
2025-07-10,3317.39990234375
2025-07-11,3356
2025-07-14,3351.5
2025-07-15,3329.80004882813
2025-07-16,3352.5
2025-07-17,3340.10009765625
2025-07-18,3353
2025-07-21,3401.89990234375
2025-07-22,3439.19995117188
2025-07-23,3394.10009765625
2025-07-24,3371
2025-07-25,3334
2025-07-28,3309.10009765625
2025-07-29,3323.39990234375
2025-07-30,3295.80004882813
2025-07-31,3293.19995117188
2025-08-01,3347.69995117188
2025-08-04,3374.39990234375
2025-08-05,3381.89990234375
2025-08-06,3380
2025-08-07,3400.30004882813
2025-08-08,3439.10009765625
2025-08-11,3353.10009765625
2025-08-12,3348.89990234375
2025-08-13,3358.69995117188
2025-08-14,3335.19995117188
2025-08-15,3336
2025-08-18,3331.69995117188
2025-08-19,3313.39990234375
2025-08-20,3343.39990234375
2025-08-21,3336.89990234375
2025-08-22,3374.39990234375
2025-08-25,3373.80004882813
2025-08-26,3388.60009765625
2025-08-27,3404.60009765625
2025-08-28,3431.80004882813
2025-08-29,3473.69995117188
2025-09-02,3549.39990234375
2025-09-03,3593.19995117188
2025-09-04,3565.80004882813
2025-09-05,3613.19995117188
2025-09-08,3638.10009765625
2025-09-09,3643.30004882813
2025-09-10,3643.60009765625
2025-09-11,3636.89990234375
2025-09-12,3649.39990234375
2025-09-15,3682.19995117188
2025-09-16,3688.89990234375
2025-09-17,3681.80004882813
2025-09-18,3643.69995117188
2025-09-19,3671.5
2025-09-22,3740.69995117188
2025-09-23,3780.60009765625
2025-09-24,3732.10009765625
2025-09-25,3736.89990234375
2025-09-26,3775.30004882813
2025-09-29,3820.89990234375
2025-09-30,3840.80004882813
2025-10-01,3867.5
2025-10-02,3839.69995117188
2025-10-03,3880.80004882813
2025-10-06,3948.5
2025-10-07,3976.60009765625
2025-10-08,4043.30004882813
2025-10-09,3946.30004882813
2025-10-10,3975.89990234375
2025-10-13,4108.60009765625
2025-10-14,4138.7001953125
2025-10-15,4176.89990234375
2025-10-16,4280.2001953125
2025-10-17,4189.89990234375
2025-10-20,4336.39990234375
2025-10-21,4087.69995117188
2025-10-22,4044.39990234375
2025-10-23,4125.5
2025-10-24,4118.39990234375
2025-10-27,4001.89990234375
2025-10-28,3966.19995117188
2025-10-29,3983.69995117188
2025-10-30,4001.30004882813
2025-10-31,3982.19995117188
2025-11-03,4000.30004882813
2025-11-04,3947.69995117188
2025-11-05,3980.30004882813
2025-11-06,3979.89990234375
2025-11-07,3999.39990234375
2025-11-10,4111.7998046875
2025-11-11,4106.7998046875
2025-11-12,4204.39990234375
2025-11-13,4186.89990234375
2025-11-14,4087.60009765625
2025-11-17,4068.30004882813
2025-11-18,4061.30004882813
2025-11-19,4077.69995117188
2025-11-20,4056.5
2025-11-21,4076.69995117188
2025-11-24,4091.89990234375
2025-11-25,4139.2001953125
2025-11-26,4165.2001953125
2025-11-28,4218.2998046875
2025-12-01,4239.2998046875
2025-12-02,4186.60009765625
2025-12-03,4199.2998046875
2025-12-04,4211.7998046875
2025-12-05,4212.89990234375
2025-12-08,4187.2001953125
2025-12-09,4206.7001953125
2025-12-10,4196.39990234375
2025-12-11,4285.5
2025-12-12,4300.10009765625
2025-12-15,4306.7001953125
2025-12-16,4304.5
2025-12-17,4347.5
2025-12-18,4339.5
2025-12-19,4361.39990234375
2025-12-22,4444.60009765625
2025-12-23,4482.7998046875
2025-12-24,4480.60009765625
2025-12-26,4529.10009765625
2025-12-29,4325.10009765625
2025-12-30,4370.10009765625
2025-12-31,4325.60009765625
2026-01-02,4314.39990234375
2026-01-05,4436.89990234375
2026-01-06,4482.2001953125
2026-01-07,4449.2998046875
2026-01-08,4449.7001953125
2026-01-09,4490.2998046875
2026-01-12,4604.2998046875
2026-01-13,4589.2001953125
2026-01-14,4626.2998046875
2026-01-15,4616.2998046875
2026-01-16,4588.39990234375
2026-01-20,4759.60009765625
2026-01-21,4831.7998046875
2026-01-22,4908.7998046875
2026-01-23,4976.2001953125
2026-01-26,5079.7001953125
2026-01-27,5079.89990234375
2026-01-28,5301.60009765625
2026-01-29,5318.39990234375
2026-01-30,4713.89990234375
2026-02-02,4622.5
2026-02-03,4903.7001953125
2026-02-04,4920.39990234375
2026-02-05,4861.39990234375
2026-02-06,4951.2001953125
2026-02-09,5050.89990234375
2026-02-10,5003.7998046875
2026-02-11,5071.60009765625
2026-02-12,4923.7001953125
2026-02-13,5022
2026-02-17,4882.89990234375
2026-02-18,4986.5
2026-02-19,4975.89990234375
2026-02-20,5059.2998046875
